--
-- PostgreSQL database dump
--

-- Dumped from database version 12.9 (Ubuntu 12.9-2.pgdg20.04+1)
-- Dumped by pg_dump version 12.9 (Ubuntu 12.9-2.pgdg20.04+1)

SET statement_timeout = 0;
SET lock_timeout = 0;
SET idle_in_transaction_session_timeout = 0;
SET client_encoding = 'UTF8';
SET standard_conforming_strings = on;
SELECT pg_catalog.set_config('search_path', '', false);
SET check_function_bodies = false;
SET xmloption = content;
SET client_min_messages = warning;
SET row_security = off;

DROP DATABASE universe;
--
-- Name: universe; Type: DATABASE; Schema: -; Owner: freecodecamp
--

CREATE DATABASE universe WITH TEMPLATE = template0 ENCODING = 'UTF8' LC_COLLATE = 'C.UTF-8' LC_CTYPE = 'C.UTF-8';


ALTER DATABASE universe OWNER TO freecodecamp;

\connect universe

SET statement_timeout = 0;
SET lock_timeout = 0;
SET idle_in_transaction_session_timeout = 0;
SET client_encoding = 'UTF8';
SET standard_conforming_strings = on;
SELECT pg_catalog.set_config('search_path', '', false);
SET check_function_bodies = false;
SET xmloption = content;
SET client_min_messages = warning;
SET row_security = off;

SET default_tablespace = '';

SET default_table_access_method = heap;

--
-- Name: constellation; Type: TABLE; Schema: public; Owner: freecodecamp
--

CREATE TABLE public.constellation (
    constellation_id integer NOT NULL,
    name character varying(100) NOT NULL,
    main_stars integer NOT NULL
);


ALTER TABLE public.constellation OWNER TO freecodecamp;

--
-- Name: constellation_constellation_id_seq; Type: SEQUENCE; Schema: public; Owner: freecodecamp
--

CREATE SEQUENCE public.constellation_constellation_id_seq
    AS integer
    START WITH 1
    INCREMENT BY 1
    NO MINVALUE
    NO MAXVALUE
    CACHE 1;


ALTER TABLE public.constellation_constellation_id_seq OWNER TO freecodecamp;

--
-- Name: constellation_constellation_id_seq; Type: SEQUENCE OWNED BY; Schema: public; Owner: freecodecamp
--

ALTER SEQUENCE public.constellation_constellation_id_seq OWNED BY public.constellation.constellation_id;


--
-- Name: galaxy; Type: TABLE; Schema: public; Owner: freecodecamp
--

CREATE TABLE public.galaxy (
    galaxy_id integer NOT NULL,
    name character varying(100),
    radius_in_light_years integer NOT NULL,
    temperature_in_c numeric NOT NULL,
    type text
);


ALTER TABLE public.galaxy OWNER TO freecodecamp;

--
-- Name: galaxy_galaxy_id_seq; Type: SEQUENCE; Schema: public; Owner: freecodecamp
--

CREATE SEQUENCE public.galaxy_galaxy_id_seq
    AS integer
    START WITH 1
    INCREMENT BY 1
    NO MINVALUE
    NO MAXVALUE
    CACHE 1;


ALTER TABLE public.galaxy_galaxy_id_seq OWNER TO freecodecamp;

--
-- Name: galaxy_galaxy_id_seq; Type: SEQUENCE OWNED BY; Schema: public; Owner: freecodecamp
--

ALTER SEQUENCE public.galaxy_galaxy_id_seq OWNED BY public.galaxy.galaxy_id;


--
-- Name: moon; Type: TABLE; Schema: public; Owner: freecodecamp
--

CREATE TABLE public.moon (
    moon_id integer NOT NULL,
    name character varying(100),
    planet_id integer NOT NULL,
    orbital_period_in_days numeric,
    has_water boolean
);


ALTER TABLE public.moon OWNER TO freecodecamp;

--
-- Name: moon_moon_id_seq; Type: SEQUENCE; Schema: public; Owner: freecodecamp
--

CREATE SEQUENCE public.moon_moon_id_seq
    AS integer
    START WITH 1
    INCREMENT BY 1
    NO MINVALUE
    NO MAXVALUE
    CACHE 1;


ALTER TABLE public.moon_moon_id_seq OWNER TO freecodecamp;

--
-- Name: moon_moon_id_seq; Type: SEQUENCE OWNED BY; Schema: public; Owner: freecodecamp
--

ALTER SEQUENCE public.moon_moon_id_seq OWNED BY public.moon.moon_id;


--
-- Name: moon_planet_id_seq; Type: SEQUENCE; Schema: public; Owner: freecodecamp
--

CREATE SEQUENCE public.moon_planet_id_seq
    AS integer
    START WITH 1
    INCREMENT BY 1
    NO MINVALUE
    NO MAXVALUE
    CACHE 1;


ALTER TABLE public.moon_planet_id_seq OWNER TO freecodecamp;

--
-- Name: moon_planet_id_seq; Type: SEQUENCE OWNED BY; Schema: public; Owner: freecodecamp
--

ALTER SEQUENCE public.moon_planet_id_seq OWNED BY public.moon.planet_id;


--
-- Name: planet; Type: TABLE; Schema: public; Owner: freecodecamp
--

CREATE TABLE public.planet (
    planet_id integer NOT NULL,
    name character varying(100),
    star_id integer NOT NULL,
    has_life boolean,
    has_water boolean
);


ALTER TABLE public.planet OWNER TO freecodecamp;

--
-- Name: planet_planet_id_seq; Type: SEQUENCE; Schema: public; Owner: freecodecamp
--

CREATE SEQUENCE public.planet_planet_id_seq
    AS integer
    START WITH 1
    INCREMENT BY 1
    NO MINVALUE
    NO MAXVALUE
    CACHE 1;


ALTER TABLE public.planet_planet_id_seq OWNER TO freecodecamp;

--
-- Name: planet_planet_id_seq; Type: SEQUENCE OWNED BY; Schema: public; Owner: freecodecamp
--

ALTER SEQUENCE public.planet_planet_id_seq OWNED BY public.planet.planet_id;


--
-- Name: planet_star_id_seq; Type: SEQUENCE; Schema: public; Owner: freecodecamp
--

CREATE SEQUENCE public.planet_star_id_seq
    AS integer
    START WITH 1
    INCREMENT BY 1
    NO MINVALUE
    NO MAXVALUE
    CACHE 1;


ALTER TABLE public.planet_star_id_seq OWNER TO freecodecamp;

--
-- Name: planet_star_id_seq; Type: SEQUENCE OWNED BY; Schema: public; Owner: freecodecamp
--

ALTER SEQUENCE public.planet_star_id_seq OWNED BY public.planet.star_id;


--
-- Name: star; Type: TABLE; Schema: public; Owner: freecodecamp
--

CREATE TABLE public.star (
    star_id integer NOT NULL,
    name character varying(100),
    galaxy_id integer NOT NULL,
    is_dying boolean,
    radius_in_ly integer
);


ALTER TABLE public.star OWNER TO freecodecamp;

--
-- Name: star_galaxy_id_seq; Type: SEQUENCE; Schema: public; Owner: freecodecamp
--

CREATE SEQUENCE public.star_galaxy_id_seq
    AS integer
    START WITH 1
    INCREMENT BY 1
    NO MINVALUE
    NO MAXVALUE
    CACHE 1;


ALTER TABLE public.star_galaxy_id_seq OWNER TO freecodecamp;

--
-- Name: star_galaxy_id_seq; Type: SEQUENCE OWNED BY; Schema: public; Owner: freecodecamp
--

ALTER SEQUENCE public.star_galaxy_id_seq OWNED BY public.star.galaxy_id;


--
-- Name: star_star_id_seq; Type: SEQUENCE; Schema: public; Owner: freecodecamp
--

CREATE SEQUENCE public.star_star_id_seq
    AS integer
    START WITH 1
    INCREMENT BY 1
    NO MINVALUE
    NO MAXVALUE
    CACHE 1;


ALTER TABLE public.star_star_id_seq OWNER TO freecodecamp;

--
-- Name: star_star_id_seq; Type: SEQUENCE OWNED BY; Schema: public; Owner: freecodecamp
--

ALTER SEQUENCE public.star_star_id_seq OWNED BY public.star.star_id;


--
-- Name: constellation constellation_id; Type: DEFAULT; Schema: public; Owner: freecodecamp
--

ALTER TABLE ONLY public.constellation ALTER COLUMN constellation_id SET DEFAULT nextval('public.constellation_constellation_id_seq'::regclass);


--
-- Name: galaxy galaxy_id; Type: DEFAULT; Schema: public; Owner: freecodecamp
--

ALTER TABLE ONLY public.galaxy ALTER COLUMN galaxy_id SET DEFAULT nextval('public.galaxy_galaxy_id_seq'::regclass);


--
-- Name: moon moon_id; Type: DEFAULT; Schema: public; Owner: freecodecamp
--

ALTER TABLE ONLY public.moon ALTER COLUMN moon_id SET DEFAULT nextval('public.moon_moon_id_seq'::regclass);


--
-- Name: moon planet_id; Type: DEFAULT; Schema: public; Owner: freecodecamp
--

ALTER TABLE ONLY public.moon ALTER COLUMN planet_id SET DEFAULT nextval('public.moon_planet_id_seq'::regclass);


--
-- Name: planet planet_id; Type: DEFAULT; Schema: public; Owner: freecodecamp
--

ALTER TABLE ONLY public.planet ALTER COLUMN planet_id SET DEFAULT nextval('public.planet_planet_id_seq'::regclass);


--
-- Name: planet star_id; Type: DEFAULT; Schema: public; Owner: freecodecamp
--

ALTER TABLE ONLY public.planet ALTER COLUMN star_id SET DEFAULT nextval('public.planet_star_id_seq'::regclass);


--
-- Name: star star_id; Type: DEFAULT; Schema: public; Owner: freecodecamp
--

ALTER TABLE ONLY public.star ALTER COLUMN star_id SET DEFAULT nextval('public.star_star_id_seq'::regclass);


--
-- Name: star galaxy_id; Type: DEFAULT; Schema: public; Owner: freecodecamp
--

ALTER TABLE ONLY public.star ALTER COLUMN galaxy_id SET DEFAULT nextval('public.star_galaxy_id_seq'::regclass);


--
-- Data for Name: constellation; Type: TABLE DATA; Schema: public; Owner: freecodecamp
--

INSERT INTO public.constellation VALUES (1, 'Andromeda', 16);
INSERT INTO public.constellation VALUES (2, 'Centaurus', 11);
INSERT INTO public.constellation VALUES (3, 'Ursa-Major', 20);


--
-- Data for Name: galaxy; Type: TABLE DATA; Schema: public; Owner: freecodecamp
--

INSERT INTO public.galaxy VALUES (1, 'Andromeda', 110000, -232, 'spiral');
INSERT INTO public.galaxy VALUES (2, 'Milky Way', 52850, -270, 'spiral');
INSERT INTO public.galaxy VALUES (3, 'Messier 81', 45000, -140, 'spiral');
INSERT INTO public.galaxy VALUES (4, 'Messier 82', 18500, 230, 'star-burst');
INSERT INTO public.galaxy VALUES (5, 'NGC 4622', 61366, 149, 'backward');
INSERT INTO public.galaxy VALUES (6, 'Black Eye', 27000, -120, 'spiral');


--
-- Data for Name: moon; Type: TABLE DATA; Schema: public; Owner: freecodecamp
--

INSERT INTO public.moon VALUES (1, 'Moon1', 11, 27, true);
INSERT INTO public.moon VALUES (2, 'Moon2', 4, 59, false);
INSERT INTO public.moon VALUES (3, 'Moon3', 2, 33, false);
INSERT INTO public.moon VALUES (4, 'Moon4', 6, 90, false);
INSERT INTO public.moon VALUES (5, 'Moon5', 1, 290, false);
INSERT INTO public.moon VALUES (6, 'Moon6', 3, 19, false);
INSERT INTO public.moon VALUES (7, 'Moon7', 8, 30, true);
INSERT INTO public.moon VALUES (8, 'Moon8', 9, 910, false);
INSERT INTO public.moon VALUES (9, 'Moon9', 5, 2900, true);
INSERT INTO public.moon VALUES (10, 'Moon10', 8, 9, false);
INSERT INTO public.moon VALUES (11, 'Moon11', 3, 130, true);
INSERT INTO public.moon VALUES (12, 'Moon12', 7, 91, false);
INSERT INTO public.moon VALUES (13, 'Moon13', 6, 10, true);
INSERT INTO public.moon VALUES (14, 'Moon14', 4, 22, true);
INSERT INTO public.moon VALUES (15, 'Moon15', 4, 89, true);
INSERT INTO public.moon VALUES (16, 'Moon16', 9, 30, false);
INSERT INTO public.moon VALUES (17, 'Moon17', 5, 69, false);
INSERT INTO public.moon VALUES (18, 'Moon18', 3, 189, true);
INSERT INTO public.moon VALUES (19, 'Moon19', 1, 27, true);
INSERT INTO public.moon VALUES (20, 'Moon20', 6, 59, false);


--
-- Data for Name: planet; Type: TABLE DATA; Schema: public; Owner: freecodecamp
--

INSERT INTO public.planet VALUES (1, 'Zoomorph', 3, true, true);
INSERT INTO public.planet VALUES (2, 'Cheeritoes', 5, false, true);
INSERT INTO public.planet VALUES (3, 'Chemangu', 4, false, false);
INSERT INTO public.planet VALUES (4, 'PlanBoo', 6, true, true);
INSERT INTO public.planet VALUES (5, 'Plan5', 1, true, true);
INSERT INTO public.planet VALUES (6, 'YayPla', 2, true, false);
INSERT INTO public.planet VALUES (7, 'PlanWhy', 4, false, true);
INSERT INTO public.planet VALUES (8, 'AyPla', 5, true, false);
INSERT INTO public.planet VALUES (9, 'Nine-ET', 1, false, true);
INSERT INTO public.planet VALUES (10, 'Planza', 2, true, true);
INSERT INTO public.planet VALUES (11, 'Pilanet', 4, false, true);
INSERT INTO public.planet VALUES (12, 'PlanWhaaa', 5, true, true);


--
-- Data for Name: star; Type: TABLE DATA; Schema: public; Owner: freecodecamp
--

INSERT INTO public.star VALUES (1, 'StarOne', 3, true, 3200);
INSERT INTO public.star VALUES (2, 'StarTwo', 5, false, 4500);
INSERT INTO public.star VALUES (3, 'Star3', 4, true, 1200);
INSERT INTO public.star VALUES (4, 'Star4', 1, true, 4000);
INSERT INTO public.star VALUES (5, 'Star5', 6, true, 2200);
INSERT INTO public.star VALUES (6, 'StarSix', 2, true, 3200);


--
-- Name: constellation_constellation_id_seq; Type: SEQUENCE SET; Schema: public; Owner: freecodecamp
--

SELECT pg_catalog.setval('public.constellation_constellation_id_seq', 1, false);


--
-- Name: galaxy_galaxy_id_seq; Type: SEQUENCE SET; Schema: public; Owner: freecodecamp
--

SELECT pg_catalog.setval('public.galaxy_galaxy_id_seq', 1, true);


--
-- Name: moon_moon_id_seq; Type: SEQUENCE SET; Schema: public; Owner: freecodecamp
--

SELECT pg_catalog.setval('public.moon_moon_id_seq', 1, false);


--
-- Name: moon_planet_id_seq; Type: SEQUENCE SET; Schema: public; Owner: freecodecamp
--

SELECT pg_catalog.setval('public.moon_planet_id_seq', 1, false);


--
-- Name: planet_planet_id_seq; Type: SEQUENCE SET; Schema: public; Owner: freecodecamp
--

SELECT pg_catalog.setval('public.planet_planet_id_seq', 1, false);


--
-- Name: planet_star_id_seq; Type: SEQUENCE SET; Schema: public; Owner: freecodecamp
--

SELECT pg_catalog.setval('public.planet_star_id_seq', 1, false);


--
-- Name: star_galaxy_id_seq; Type: SEQUENCE SET; Schema: public; Owner: freecodecamp
--

SELECT pg_catalog.setval('public.star_galaxy_id_seq', 1, false);


--
-- Name: star_star_id_seq; Type: SEQUENCE SET; Schema: public; Owner: freecodecamp
--

SELECT pg_catalog.setval('public.star_star_id_seq', 1, false);


--
-- Name: constellation constellation_name_key; Type: CONSTRAINT; Schema: public; Owner: freecodecamp
--

ALTER TABLE ONLY public.constellation
    ADD CONSTRAINT constellation_name_key UNIQUE (name);


--
-- Name: constellation constellation_pkey; Type: CONSTRAINT; Schema: public; Owner: freecodecamp
--

ALTER TABLE ONLY public.constellation
    ADD CONSTRAINT constellation_pkey PRIMARY KEY (constellation_id);


--
-- Name: galaxy galaxy_name_key; Type: CONSTRAINT; Schema: public; Owner: freecodecamp
--

ALTER TABLE ONLY public.galaxy
    ADD CONSTRAINT galaxy_name_key UNIQUE (name);


--
-- Name: galaxy galaxy_pkey; Type: CONSTRAINT; Schema: public; Owner: freecodecamp
--

ALTER TABLE ONLY public.galaxy
    ADD CONSTRAINT galaxy_pkey PRIMARY KEY (galaxy_id);


--
-- Name: moon moon_name_key; Type: CONSTRAINT; Schema: public; Owner: freecodecamp
--

ALTER TABLE ONLY public.moon
    ADD CONSTRAINT moon_name_key UNIQUE (name);


--
-- Name: moon moon_pkey; Type: CONSTRAINT; Schema: public; Owner: freecodecamp
--

ALTER TABLE ONLY public.moon
    ADD CONSTRAINT moon_pkey PRIMARY KEY (moon_id);


--
-- Name: planet planet_name_key; Type: CONSTRAINT; Schema: public; Owner: freecodecamp
--

ALTER TABLE ONLY public.planet
    ADD CONSTRAINT planet_name_key UNIQUE (name);


--
-- Name: planet planet_pkey; Type: CONSTRAINT; Schema: public; Owner: freecodecamp
--

ALTER TABLE ONLY public.planet
    ADD CONSTRAINT planet_pkey PRIMARY KEY (planet_id);


--
-- Name: star star_name_key; Type: CONSTRAINT; Schema: public; Owner: freecodecamp
--

ALTER TABLE ONLY public.star
    ADD CONSTRAINT star_name_key UNIQUE (name);


--
-- Name: star star_pkey; Type: CONSTRAINT; Schema: public; Owner: freecodecamp
--

ALTER TABLE ONLY public.star
    ADD CONSTRAINT star_pkey PRIMARY KEY (star_id);


--
-- Name: moon moon_planet_id_fkey; Type: FK CONSTRAINT; Schema: public; Owner: freecodecamp
--

ALTER TABLE ONLY public.moon
    ADD CONSTRAINT moon_planet_id_fkey FOREIGN KEY (planet_id) REFERENCES public.planet(planet_id);


--
-- Name: planet planet_star_id_fkey; Type: FK CONSTRAINT; Schema: public; Owner: freecodecamp
--

ALTER TABLE ONLY public.planet
    ADD CONSTRAINT planet_star_id_fkey FOREIGN KEY (star_id) REFERENCES public.star(star_id);


--
-- Name: star star_galaxy_id_fkey; Type: FK CONSTRAINT; Schema: public; Owner: freecodecamp
--

ALTER TABLE ONLY public.star
    ADD CONSTRAINT star_galaxy_id_fkey FOREIGN KEY (galaxy_id) REFERENCES public.galaxy(galaxy_id);


--
-- PostgreSQL database dump complete
--

